u0,An,Bui,quangan186@gmail.com,$2y$10$hI2xg2xHkLudhnOvpmzJBe5CegBa7TflkBAKOc5oJUi6h.40rEnHq,uploads/621876455476/8a9j25k9ad6259k22ah1.jpg,621876455476,an.bui.621876455476,15-05-2022,16:48:37
u1,Loid,Forger,loid123@gmail.com,$2y$10$..4fWguIIQm74cACFIZbOOOB.3McFcCTHMDhie2aJkIIOnQC5j78e,uploads/81299476/h7bcka8f51ig09hg4f70.jpg,81299476,loid.forger.81299476,15-05-2022,16:51:28
u2,Yor,Forger,yor123@gmail.com,$2y$10$o3ddmzENH1jcwY/WmWq5Z.JECQPg8M9kvLJyhA/.DrRyR.PE8acSa,uploads/75552053332106/7e4405ab4kd1ddghibib.jpg,75552053332106,yor.forger.75552053332106,15-05-2022,16:51:57
u3,Anya,Forger,anya123@gmail.com,$2y$10$LfOW4pmPJwPw6ib/3qqWXONEauiIeJGcgDKkPf8Zzaxjh4/DUvi76,uploads/3560030197/bcik07j051fd6ge712k6.jpg,3560030197,anya.forger.3560030197,15-05-2022,16:52:47
u4,Gojo,Satoru,gojosensei123@gmail.com,$2y$10$veklCgWh8tja93XkLNPXVurtpOx2Gf7s6nIb3X9OJdKVr7YGN97MG,uploads/6491894/b217fbbhif37j3bbaacg.jpg,6491894,gojo.satoru.6491894,15-05-2022,16:53:45
u5,Geto,Suguru,geto123@gmail.com,$2y$10$rPkfxUgRVoyGRVa8ahHMK.8P3k3r9QYCfBIr3W3KTAg8rigdG/9r2,uploads/820705/0141e62fc24e43fg143j.jpg,820705,geto.suguru.820705,15-05-2022,16:54:20
u6,Fds,Fds,meo@gmail.com,$2y$10$DwjCvIdbeEOLF5zPHwzHc.cSC5To4DD2WfZCmJdC2XpE2K1.UGuRW,uploads/208086053135993/46g852eecc081k8a999i.jpg,208086053135993,fds.fds.208086053135993,15-05-2022,19:37:16
u7,Loan,Lich,loanlich@meo.com,$2y$10$aSdzKDtvKNaq1l6IOs5ExelxvQyG0ke0Qgk0GphfR7yx6XDHeKqOa,uploads/7227317382852858332/bk5gj1e8h01778ai5922.jpg,7227317382852858332,loan.lich.7227317382852858332,16-05-2022,07:43:52
u8,Bao,Nguyen,bao@gmail.com,$2y$10$t.8KrjMKEVUeAlhXVbwbY.exRSWE95v5ZYjHX6CGoYrAsSqE1u0l6,uploads/77715195705/4jfca57757h40g65252f.jpg,77715195705,bao.nguyen.77715195705,16-05-2022,07:19:39
u9,Loan,Nguyen Chau,notrealchauloan@gmail.com,$2y$10$lkPYoyr3Ea506NOQ8EOrUuWuHz/4M2qd7d0bsiljd9xuVs.NOSpJy,uploads/8785938796240277/7gjjf6k1864j174gf270.jpg,8785938796240277,loan.nguyen chau.8785938796240277,17-05-2022,09:30:13
u10,Linh,Linh,linhlinh@gmail.com,$2y$10$T/nqjOHyhHjZ1TcVG3m07eD27vr4fF2CxGfFGQa/wRB1YdeBY/12i,uploads/839335984306/d296g7i8418gej8k307f.jpg,839335984306,linh.linh.839335984306,17-05-2022,15:31:21
u11,Loan,Lich,moe@gmail.com,$2y$10$dJjM.6eCmi6vi4KlQ7Krb.0Q//PIuzTBSt5FaOfV4aNqlx0BVwtUW,uploads/641115/hd6gb87j2ccifg6g7gh7.jpg,641115,loan.lich.641115,17-05-2022,16:06:39
u12,Ldsf,Jfdl,fdsj@g.ds,$2y$10$wNLTKjbZs0myCuLw8Y3ehuklRn1tCK3bjkw.lQE1OMiKKJxIiBt/C,uploads/6722454053932/2cf9a072f94i5h6k272b.jpg,6722454053932,ldsf.jfdl.6722454053932,17-05-2022,16:09:03
